Categories,PercentDiskUsed
a2s26.a2hosting.com,93
a2s27.a2hosting.com,96
a2s28.a2hosting.com,90
a2s29.a2hosting.com,94
a2s30.a2hosting.com,90
a2s31.a2hosting.com,95
a2s32.a2hosting.com,97
a2s33.a2hosting.com,98
a2s34.a2hosting.com,91
a2s35.a2hosting.com,79
a2s36.a2hosting.com,78
a2s37.a2hosting.com,85
a2s38.a2hosting.com,82
a2s39.a2hosting.com,73
a2s40.a2hosting.com,79
a2s41.a2hosting.com,78
a2s42.a2hosting.com,94
a2s43.a2hosting.com,98
a2s44.a2hosting.com,95
a2s45.a2hosting.com,40
a2s46.a2hosting.com,42
a2s47.a2hosting.com,45
a2s48.a2hosting.com,54
a2s49.a2hosting.com,62
a2s50.a2hosting.com,87
a2s51.a2hosting.com,58
a2s52.a2hosting.com,49
a2s53.a2hosting.com,92
a2s54.a2hosting.com,37
a2s55.a2hosting.com,85
a2s56.a2hosting.com,22
a2s57.a2hosting.com,22
a2s58.a2hosting.com,77
a2s59.a2hosting.com,24
a2s60.a2hosting.com,38
a2s61.a2hosting.com,51
a2s62.a2hosting.com,96
a2s66.a2hosting.com,98
a2s67.a2hosting.com,92
a2s68.a2hosting.com,86
a2s69.a2hosting.com,86
a2s70.a2hosting.com,96
a2s72.a2hosting.com,95
a2s73.a2hosting.com,98
a2s75.a2hosting.com,83
a2s76.a2hosting.com,98
a2s77.a2hosting.com,98
a2s78.a2hosting.com,95
a2s79.a2hosting.com,91
a2s80.a2hosting.com,95
a2s81.a2hosting.com,88
a2s82.a2hosting.com,25
a2s83.a2hosting.com,25
a2s84.a2hosting.com,22
